Country Name,Country Code,Series Code,2006,2007,2008,2009,2010,2011,2012,2013,2014,2015
Afghanistan,AFG,EG.USE.COMM.GD.PP.KD,NA,NA,NA,NA,NA,NA,NA,NA,NA,NA
Afghanistan,AFG,IT.NET.USER.P2,2.107123645,1.9,1.84,3.55,4,5,5.454545455,5.9,7,8.26
Albania,ALB,EG.USE.COMM.GD.PP.KD,86.15415991,77.65793214,77.64528548,76.88647198,73.45028875,74.93987558,66.33635256,76.36946241,75.54870707,NA
Albania,ALB,IT.NET.USER.P2,9.609991316,15.03611541,23.86,41.2,45,49,54.65595904,57.2,60.1,63.2529327
Algeria,DZA,EG.USE.COMM.GD.PP.KD,83.22776288,85.43705054,84.45230339,90.87728977,86.23469208,87.42989182,92.96424204,93.63772168,97.98015203,NA
Algeria,DZA,IT.NET.USER.P2,7.375984956,9.451190626,10.18,11.23,12.5,14.9,18.2,22.5,29.5,38.2
American Samoa,ASM,EG.USE.COMM.GD.PP.KD,NA,NA,NA,NA,NA,NA,NA,NA,NA,NA
American Samoa,ASM,IT.NET.USER.P2,NA,NA,NA,NA,NA,NA,NA,NA,NA,NA
Andorra,AND,EG.USE.COMM.GD.PP.KD,NA,NA,NA,NA,NA,NA,NA,NA,NA,NA
Andorra,AND,IT.NET.USER.P2,48.936847,70.87,70.04,78.53,81,81,86.43442462,94,95.9,96.91
Angola,AGO,EG.USE.COMM.GD.PP.KD,99.64273421,86.27779286,82.05250872,87.06968099,88.28469253,88.27667206,92.10532479,86.31524544,87.1067883,NA
Angola,AGO,IT.NET.USER.P2,1.5,1.7,1.9,2.3,2.8,3.1,6.5,8.9,10.2,12.4
Antigua and Barbuda,ATG,EG.USE.COMM.GD.PP.KD,70.04926772,65.45781811,NA,NA,NA,NA,NA,NA,NA,NA
Antigua and Barbuda,ATG,IT.NET.USER.P2,30,34,38,42,47,52,58,63.4,67.78,70
Arab World,ARB,EG.USE.COMM.GD.PP.KD,107.8282651,107.7046793,109.5091282,114.8078262,116.2876448,113.6624825,116.4613711,113.3429126,116.3525534,NA
Arab World,ARB,IT.NET.USER.P2,11.66378867,14.31521389,18.49590568,21.42634931,24.77594069,26.58276395,30.17823282,32.92803836,36.45795837,39.92935829
Argentina,ARG,EG.USE.COMM.GD.PP.KD,110.9215923,103.0740397,104.3094949,107.8064237,101.9813022,98.50162387,99.87482463,100.1653009,107.2047826,NA
Argentina,ARG,IT.NET.USER.P2,20.9272021,25.94663294,28.11262348,34,45,51,55.8,59.9,64.7,68.04306411
Armenia,ARM,EG.USE.COMM.GD.PP.KD,141.5376032,138.7398144,136.6642678,138.3057493,128.7554725,134.4831346,137.2320367,129.7072019,127.7200074,NA
Armenia,ARM,IT.NET.USER.P2,5.631787777,6.021253397,6.21,15.3,25,32,37.5,41.9,54.62280586,59.10237771
Aruba,ABW,EG.USE.COMM.GD.PP.KD,NA,NA,NA,NA,NA,NA,NA,NA,NA,NA
Aruba,ABW,IT.NET.USER.P2,28,30.9,52,58,62,69,74,78.9,83.78,88.66122693
Australia,AUS,EG.USE.COMM.GD.PP.KD,144.741423,144.2556475,144.3127334,142.0643838,139.7142202,137.1367847,130.3508169,126.7262324,122.3551526,124.6678381
Australia,AUS,IT.NET.USER.P2,66,69.45,71.67,74.25,76,79.48769771,79,83.45349717,84,84.56051935
Austria,AUT,EG.USE.COMM.GD.PP.KD,95.97655237,91.48026274,90.72876136,89.0396454,93.4829593,88.22630854,87.24189925,88.4638093,84.91167139,85.77592114
Austria,AUT,IT.NET.USER.P2,63.6,69.37,72.87,73.45,75.17,78.7399931,80.02999392,80.6188,80.99582496,83.94014193
Azerbaijan,AZE,EG.USE.COMM.GD.PP.KD,145.6019239,106.5872274,105.8346348,86.66853493,80.22143828,86.9200048,92.70375012,88.83183661,89.86351695,NA
Azerbaijan,AZE,IT.NET.USER.P2,11.99217733,14.54,17.08,27.4,46,50,54.2,73.00000137,75.00001564,77
"Bahamas, The",BHS,EG.USE.COMM.GD.PP.KD,64.55422922,63.90413711,NA,NA,NA,NA,NA,NA,NA,NA
"Bahamas, The",BHS,IT.NET.USER.P2,26,27,31.54,33.88,43,65,71.74820281,72,76.92,78
Bahrain,BHR,EG.USE.COMM.GD.PP.KD,271.9337142,262.7554571,268.1021295,253.9370572,251.6075103,246.7795174,235.7785679,244.0660905,241.6660354,NA
Bahrain,BHR,IT.NET.USER.P2,28.24395243,32.91,51.95,53,55,76.9999665,88,90.0000397,90.50313348,93.47830114
Bangladesh,BGD,EG.USE.COMM.GD.PP.KD,82.70750713,80.71167789,79.90871721,80.03024997,82.09909205,79.99961401,78.80905678,75.91702277,74.74532541,NA
Bangladesh,BGD,IT.NET.USER.P2,1,1.8,2.5,3.1,3.7,4.5,5,6.63,13.9,14.4
Barbados,BRB,EG.USE.COMM.GD.PP.KD,85.08026276,84.20586569,NA,NA,NA,NA,NA,NA,NA,NA
Barbados,BRB,IT.NET.USER.P2,55.3,58.2,61.4,64.7,65.1,66.5,71.2,71.8,75.16,76.11
Belarus,BLR,EG.USE.COMM.GD.PP.KD,238.9443326,215.5090575,195.8355933,185.5675096,178.6271425,180.4457124,184.3513893,163.2016244,163.2014026,NA
Belarus,BLR,IT.NET.USER.P2,16.2,19.7,23,27.43,31.8,39.64889566,46.91,54.17,59.02,67.3
Belgium,BEL,EG.USE.COMM.GD.PP.KD,134.9663222,128.2201324,131.0608758,128.7698719,134.8265383,123.3479682,117.8227113,121.8477575,113.8340471,112.3948207
Belgium,BEL,IT.NET.USER.P2,59.72,64.44,66,70,75,81.609996,80.71999055,82.1702,85,85.0529
Belize,BLZ,EG.USE.COMM.GD.PP.KD,73.74110401,75.47993503,NA,NA,NA,NA,NA,NA,NA,NA
Belize,BLZ,IT.NET.USER.P2,24,24.6,26.3,27.2,28.2,30.7,31,33.6,38.7,41.59
Benin,BEN,EG.USE.COMM.GD.PP.KD,204.7388449,210.0260771,204.6828411,209.8646182,218.3533306,217.8996892,215.3503409,209.9883513,208.2856907,NA
Benin,BEN,IT.NET.USER.P2,1.537854346,1.79,1.85,2.24,3.13,4.148323066,4.5,4.9,6,11.25498791
Bermuda,BMU,EG.USE.COMM.GD.PP.KD,NA,NA,NA,NA,NA,NA,NA,NA,NA,NA
Bermuda,BMU,IT.NET.USER.P2,69.89965516,74.35059403,82.3,83.25,84.21,88.336,91.29930452,95.3,96.8,98.32360965
Bhutan,BTN,EG.USE.COMM.GD.PP.KD,66.50505395,65.21584085,NA,NA,NA,NA,NA,NA,NA,NA
Bhutan,BTN,IT.NET.USER.P2,4.518317258,5.92,6.55,7.17,13.6,14.4,15.6,22.4,30.3,39.8
Bolivia,BOL,EG.USE.COMM.GD.PP.KD,144.7992195,112.8238333,113.0429258,113.9265309,119.1867112,119.642533,130.8487323,123.1852313,124.7155568,NA
Bolivia,BOL,IT.NET.USER.P2,6.200671255,10.49924432,12.5,16.8,22.4,30,35.34,36.99,34.6,35.56227065
Bosnia and Herzegovina,BIH,EG.USE.COMM.GD.PP.KD,160.0187357,151.4637513,161.2359741,173.3402077,179.1415015,195.6307847,184.5113602,174.0719856,208.6241829,NA
Bosnia and Herzegovina,BIH,IT.NET.USER.P2,25.12238569,27.92,34.66,37.74,42.75,43.88768653,45.06450043,48.52131417,49.91773243,52.6
Botswana,BWA,EG.USE.COMM.GD.PP.KD,82.8036386,79.03452761,78.7219002,79.51347772,80.16813041,72.62743547,78.85381605,74.89777603,78.71228055,NA
Botswana,BWA,IT.NET.USER.P2,4.289932975,5.28,6.25,6.15,6,9,16,30,36.74474744,37.31205037
Brazil,BRA,EG.USE.COMM.GD.PP.KD,93.23722419,92.89743979,93.32277555,90.38576985,92.93363035,90.77094904,92.90763452,94.03083042,96.58523352,NA
Brazil,BRA,IT.NET.USER.P2,28.17838018,30.88,33.83,39.22,40.65,45.69,48.56,51.04,54.55100188,58.32795173
British Virgin Islands,VGB,EG.USE.COMM.GD.PP.KD,NA,NA,NA,NA,NA,NA,NA,NA,NA,NA
British Virgin Islands,VGB,IT.NET.USER.P2,NA,NA,NA,36,37,37.4,37.6,NA,NA,NA
Brunei Darussalam,BRN,EG.USE.COMM.GD.PP.KD,99.64199081,101.8783949,114.0483261,99.71584574,103.4991321,119.2375445,116.8519533,94.83017271,113.4499486,NA
Brunei Darussalam,BRN,IT.NET.USER.P2,42.18634916,44.68,46,49,53,56,60.27306504,64.5,68.77,71.2
Bulgaria,BGR,EG.USE.COMM.GD.PP.KD,201.2319257,184.3378043,171.5348418,156.9380599,158.1271882,166.9496515,159.3543615,145.5942272,151.9817618,NA
Bulgaria,BGR,IT.NET.USER.P2,27.09,33.64,39.67,45,46.23,47.97999305,51.89998767,53.0615,55.49,56.6563
Burkina Faso,BFA,EG.USE.COMM.GD.PP.KD,NA,NA,NA,NA,NA,NA,NA,NA,NA,NA
Burkina Faso,BFA,IT.NET.USER.P2,0.632707564,0.75,0.92,1.13,2.4,3,3.725034916,9.1,9.4,11.38764617
Burundi,BDI,EG.USE.COMM.GD.PP.KD,NA,NA,NA,NA,NA,NA,NA,NA,NA,NA
Burundi,BDI,IT.NET.USER.P2,0.65759259,0.7,0.81,0.9,1,1.11,1.219999945,1.264218111,1.38,4.866224464
Cabo Verde,CPV,EG.USE.COMM.GD.PP.KD,42.86501225,37.58357116,NA,NA,NA,NA,NA,NA,NA,NA
Cabo Verde,CPV,IT.NET.USER.P2,6.808911008,8.28321982,14,21,30,32,34.74,37.5,40.26,42.68
Cambodia,KHM,EG.USE.COMM.GD.PP.KD,118.4671928,109.0169009,102.4906261,149.13163,146.7936869,143.4286269,139.2534157,133.9349963,133.4497602,NA
Cambodia,KHM,IT.NET.USER.P2,0.46835672,0.49,0.51,0.53,1.26,3.1,4.94,6.8,14,22.32743536
Cameroon,CMR,EG.USE.COMM.GD.PP.KD,131.8476019,118.5201851,115.526874,122.2121684,119.0699643,110.2034401,108.7107567,108.3822657,106.9536937,NA
Cameroon,CMR,IT.NET.USER.P2,2.028744791,2.93,3.4,3.84,4.3,5,7.5,10,16.21487223,20.68014766
Canada,CAN,EG.USE.COMM.GD.PP.KD,199.9865433,197.219176,196.947031,195.30002,191.3659954,190.3213697,184.8406157,182.5353672,182.8284791,176.2185778
Canada,CAN,IT.NET.USER.P2,72.4,73.2,76.7,80.3,80.3,83,83,85.8,87.12,88.47
Caribbean small states,CSS,EG.USE.COMM.GD.PP.KD,254.257923,257.3542061,311.5675479,319.2143414,327.9837237,322.5200266,313.0051707,NA,NA,NA
Caribbean small states,CSS,IT.NET.USER.P2,22.29393357,24.50228747,27.67452832,31.7555303,35.40769011,42.18432319,42.55248247,45.33528704,48.40726875,50.89816485
Cayman Islands,CYM,EG.USE.COMM.GD.PP.KD,NA,NA,NA,NA,NA,NA,NA,NA,NA,NA
Cayman Islands,CYM,IT.NET.USER.P2,44.5,52,61,64.5,66,69.46594499,69.7,71.4,74.1,77
Central African Republic,CAF,EG.USE.COMM.GD.PP.KD,NA,NA,NA,NA,NA,NA,NA,NA,NA,NA
Central African Republic,CAF,IT.NET.USER.P2,0.311159173,0.375815961,1,1.8,2,2.2,3,3.4,3.6,3.8
Central Europe and the Baltics,CEB,EG.USE.COMM.GD.PP.KD,138.1985751,129.6775412,124.705511,120.3529799,123.1090156,119.0819122,114.7471146,110.4310515,105.2506528,NA
Central Europe and the Baltics,CEB,IT.NET.USER.P2,40.79961094,45.28427447,50.68859057,55.10283337,58.59929651,59.12224648,61.72869493,63.47561863,66.49503625,67.35924502
Chad,TCD,EG.USE.COMM.GD.PP.KD,NA,NA,NA,NA,NA,NA,NA,NA,NA,NA
Chad,TCD,IT.NET.USER.P2,0.581045764,0.847224521,1.19,1.5,1.7,1.9,2.1,2.5,2.9,3.5
Channel Islands,CHI,EG.USE.COMM.GD.PP.KD,NA,NA,NA,NA,NA,NA,NA,NA,NA,NA
Channel Islands,CHI,IT.NET.USER.P2,NA,NA,NA,NA,NA,NA,NA,NA,NA,NA
Chile,CHL,EG.USE.COMM.GD.PP.KD,101.1179519,99.97706293,95.64367127,94.58023889,93.36854251,95.8698076,100.772024,100.725952,92.3479834,90.10620178
Chile,CHL,IT.NET.USER.P2,34.49775117,35.9,37.3,41.56,45,52.24960729,55.05,58,61.11,76.63
China,CHN,EG.USE.COMM.GD.PP.KD,236.3381099,223.7624742,210.4867581,205.5582365,205.2025828,200.9257747,193.3619975,185.2324824,175.3108907,NA
China,CHN,IT.NET.USER.P2,10.52315262,16,22.6,28.9,34.3,38.3,42.30011749,45.8,47.9,50.3
Colombia,COL,EG.USE.COMM.GD.PP.KD,66.53352559,61.85263287,62.53869967,63.77798646,62.33935107,58.57719435,56.82893459,57.81072601,55.95981477,NA
Colombia,COL,IT.NET.USER.P2,15.34167454,21.8,25.6,30,36.5,40.35091575,48.98,51.7,52.57,55.90497251
Comoros,COM,EG.USE.COMM.GD.PP.KD,45.46100189,44.02631926,NA,NA,NA,NA,NA,NA,NA,NA
Comoros,COM,IT.NET.USER.P2,2.2,2.5,3,3.5,5.1,5.5,5.975296308,6.5,6.98,7.459161386
"Congo, Dem. Rep.",COD,EG.USE.COMM.GD.PP.KD,504.8438732,492.3964244,480.6509678,481.3324368,465.9319055,462.995843,536.4307196,519.6745483,496.0447024,NA
"Congo, Dem. Rep.",COD,IT.NET.USER.P2,0.29605361,0.37,0.44,0.56,0.72,1.2,1.679961015,2.2,3,3.799999507
"Congo, Rep.",COG,EG.USE.COMM.GD.PP.KD,75.71663174,68.33160946,69.25982965,73.58854887,73.70582371,94.89269493,104.7736303,103.9078545,97.42261818,NA
"Congo, Rep.",COG,IT.NET.USER.P2,2.007990079,2.759704374,4.287509903,4.5,5,5.6,6.106695024,6.6,7.11,7.615974662
Costa Rica,CRI,EG.USE.COMM.GD.PP.KD,83.28064593,82.98809821,80.66241305,81.00976145,78.62932351,75.52687472,73.26720526,73.31595131,71.7445548,NA
Costa Rica,CRI,IT.NET.USER.P2,25.1,28.4,32.29,34.33,36.5,39.212196,47.5,45.96,53,59.76295014
Cote d'Ivoire,CIV,EG.USE.COMM.GD.PP.KD,189.4295566,200.3504626,196.3779578,174.2940576,185.166528,222.0265043,217.4454136,213.875192,201.6029738,NA
Cote d'Ivoire,CIV,IT.NET.USER.P2,1.524900791,1.8,1.9,2,2.7,2.9,5,12,19.2742298,38.44
Croatia,HRV,EG.USE.COMM.GD.PP.KD,106.5668372,105.3842735,100.6740482,105.1111196,105.3402612,103.1513448,99.31570656,97.86594309,93.33131678,NA
Croatia,HRV,IT.NET.USER.P2,37.98,41.44,44.24,50.58,56.55,57.78997899,61.93997315,66.7476,68.57,69.8031
Cuba,CUB,EG.USE.COMM.GD.PP.KD,NA,NA,NA,NA,NA,NA,NA,NA,NA,NA
Cuba,CUB,IT.NET.USER.P2,11.15960131,11.69,12.94,14.33,15.9,16.0172908,21.2,27.93,29.07018437,37.30509742
Curacao,CUW,EG.USE.COMM.GD.PP.KD,NA,NA,NA,NA,NA,NA,NA,NA,NA,NA
Curacao,CUW,IT.NET.USER.P2,NA,NA,NA,NA,NA,NA,NA,NA,NA,NA
Cyprus,CYP,EG.USE.COMM.GD.PP.KD,88.84350154,89.52579336,91.32611756,90.88513392,86.76164096,83.84613775,81.32987815,74.96355112,77.69449538,NA
Cyprus,CYP,IT.NET.USER.P2,35.83,40.77,42.31,49.81,52.99,56.85989235,60.6898684,65.4548,69.33,71.7159
Czech Republic,CZE,EG.USE.COMM.GD.PP.KD,163.4846434,154.9351664,147.4380072,145.1159337,149.4693438,141.5875571,142.1132717,140.5929213,134.4493519,126.1215464
Czech Republic,CZE,IT.NET.USER.P2,47.93,51.93,62.97,64.43,68.82,70.49,73.43000782,74.1104,74.23171164,75.6688387
Denmark,DNK,EG.USE.COMM.GD.PP.KD,80.76642127,78.11779423,76.34259416,76.7406544,79.79367258,72.7464216,69.72945074,70.13073445,63.75410743,61.95986119
Denmark,DNK,IT.NET.USER.P2,86.65,85.03,85.02,86.84,88.72,89.81001339,92.26001172,94.6297,95.99,96.3305
Djibouti,DJI,EG.USE.COMM.GD.PP.KD,NA,NA,NA,NA,NA,NA,NA,NA,NA,NA
Djibouti,DJI,IT.NET.USER.P2,1.270041159,1.62,2.26,4,6.5,7,8.267232892,9.5,10.71,11.92243143
Dominica,DMA,EG.USE.COMM.GD.PP.KD,65.32429682,62.9035032,NA,NA,NA,NA,NA,NA,NA,NA
Dominica,DMA,IT.NET.USER.P2,39.3981743,40.27446301,41.16,42.02,47.45,48.6,49.8,51,57.5,65
Dominican Republic,DOM,EG.USE.COMM.GD.PP.KD,78.77196997,74.58454294,72.4671747,70.44907417,68.3374441,67.48116595,69.36973042,62.35485716,57.99616568,NA
Dominican Republic,DOM,IT.NET.USER.P2,14.84492837,17.66,20.82,27.72,31.4,38,42.32,45.9,49.58,54.21576634
Early-demographic dividend,EAR,EG.USE.COMM.GD.PP.KD,125.6819704,122.1319635,122.7223311,124.8390754,121.2107956,117.2389994,117.620988,113.6726495,112.2363312,NA
Early-demographic dividend,EAR,IT.NET.USER.P2,5.766603269,7.332921825,8.498743247,9.697857644,12.83542505,15.47625009,18.12974564,20.9688841,25.51609001,30.32543223
East Asia & Pacific,EAS,EG.USE.COMM.GD.PP.KD,168.2024914,163.6490385,158.632265,158.7928557,159.7116879,156.3456766,151.8986528,147.8451759,142.5954212,NA
East Asia & Pacific,EAS,IT.NET.USER.P2,16.66954807,20.81549299,25.29951011,29.55359909,34.26979968,37.39843934,40.73753184,44.60383606,46.83664185,49.83670146
East Asia & Pacific (excluding high income),EAP,EG.USE.COMM.GD.PP.KD,199.0774368,190.9056005,182.0676171,179.9011946,180.0257324,176.1444946,170.3250437,164.6445788,157.759654,NA
East Asia & Pacific (excluding high income),EAP,IT.NET.USER.P2,10.1685372,14.37880641,19.25844061,23.76631254,28.95748204,32.38221654,36.0611003,39.69640372,42.04640158,45.21463436
East Asia & Pacific (IDA & IBRD),TEA,EG.USE.COMM.GD.PP.KD,199.0774368,190.9056005,182.0676171,179.9011946,180.0257324,176.1444946,170.3250437,164.6445788,157.759654,NA
East Asia & Pacific (IDA & IBRD),TEA,IT.NET.USER.P2,10.29719602,14.56016092,19.50080066,24.06468038,29.32013325,32.7867707,36.51052758,39.69640372,42.04640158,45.21463436
Ecuador,ECU,EG.USE.COMM.GD.PP.KD,75.98329266,84.11931118,72.86204764,86.30023945,84.2638179,82.72149033,77.30439924,79.36394887,81.79565034,NA
Ecuador,ECU,IT.NET.USER.P2,7.2,10.8,18.8,24.6,29.03,31.36680836,35.13514645,40.27912194,45.59039067,48.94043379
"Egypt, Arab Rep.",EGY,EG.USE.COMM.GD.PP.KD,98.95268056,98.9752781,95.9463983,93.78789806,87.4982003,90.22080733,90.73543286,85.11875814,82.49034519,NA
"Egypt, Arab Rep.",EGY,IT.NET.USER.P2,13.66,16.03,18.01,20,21.6,25.6,26.4,29.4,33.89460391,37.81938343
El Salvador,SLV,EG.USE.COMM.GD.PP.KD,126.7627092,117.7300502,115.7693614,110.739429,109.4198636,106.4204195,101.9152485,93.98292561,93.93928455,NA
El Salvador,SLV,IT.NET.USER.P2,5.5,6.11,10.08,12.11,15.9,18.9,20.32138772,23.1093,24.76171215,26.80260496
Equatorial Guinea,GNQ,EG.USE.COMM.GD.PP.KD,58.73573252,59.62759827,NA,NA,NA,NA,NA,NA,NA,NA
Equatorial Guinea,GNQ,IT.NET.USER.P2,1.279193596,1.557123059,1.82,2.13,6,11.5,13.94318219,16.4,18.86,21.31999999
Eritrea,ERI,EG.USE.COMM.GD.PP.KD,108.4222999,110.4003181,115.1251576,118.6101477,119.1186296,112.3866684,NA,NA,NA,NA
Eritrea,ERI,IT.NET.USER.P2,NA,0.41,0.47,0.54,0.61,0.7,0.8,0.9,0.99,1.083733116
Estonia,EST,EG.USE.COMM.GD.PP.KD,149.2188584,154.9711584,158.0893386,164.4578577,185.6885092,172.6650182,162.4781187,175.9043925,169.3837005,151.4842105
Estonia,EST,IT.NET.USER.P2,63.51,66.19,70.58,72.5,74.1,76.5,78.38992593,80.0043,84.24152803,88.4118116
Eswatini,SWZ,EG.USE.COMM.GD.PP.KD,51.34744505,51.2254214,NA,NA,NA,NA,NA,NA,NA,NA
Eswatini,SWZ,IT.NET.USER.P2,3.696538789,4.1,6.85,8.94,11.04,18.13,20.78178258,24.7,26.17500573,25.64304231
Ethiopia,ETH,EG.USE.COMM.GD.PP.KD,609.87441,564.346746,524.8014782,495.795969,452.9059516,421.1290251,398.748702,373.1672919,348.7575923,NA
Ethiopia,ETH,IT.NET.USER.P2,0.310592657,0.37,0.45,0.54,0.75,1.1,2.9,4.6,7.7,13.85517556
Euro area,EMU,EG.USE.COMM.GD.PP.KD,103.6228535,98.849256,98.19178277,97.18094294,98.59571261,93.12994104,93.11857631,92.58933871,87.94252028,87.51175773
Euro area,EMU,IT.NET.USER.P2,54.80103474,61.25825566,64.73270437,67.04301592,70.96600478,71.9737843,74.09820222,75.85276951,77.11958965,77.51276581
Europe & Central Asia,ECS,EG.USE.COMM.GD.PP.KD,128.9524574,122.960457,121.7075792,119.7180863,122.3629613,118.0912715,117.5164162,114.7133235,107.9988136,NA
Europe & Central Asia,ECS,IT.NET.USER.P2,38.01534504,43.61616867,47.31843651,50.54062025,56.09402548,58.81028076,63.60314941,66.32368116,68.99720789,70.10691957
Europe & Central Asia (excluding high income),ECA,EG.USE.COMM.GD.PP.KD,201.1942487,189.0235991,183.3989061,180.5938757,183.9386797,181.2562389,177.3396277,167.7931619,158.8932057,NA
Europe & Central Asia (excluding high income),ECA,IT.NET.USER.P2,14.95789408,20.31738621,23.82899968,27.39838891,35.575135,40.51785184,48.79947462,52.75325476,56.84377088,58.85679874
Europe & Central Asia (IDA & IBRD),TEC,EG.USE.COMM.GD.PP.KD,193.3562918,181.6687688,176.3292876,172.5530315,176.0189632,173.1931404,169.2592461,160.8148834,151.9366704,NA
Europe & Central Asia (IDA & IBRD),TEC,IT.NET.USER.P2,17.79036169,23.00667272,26.59295118,30.37883923,38.10358638,42.53992344,50.08973164,53.75222954,57.79179044,59.7393814
European Union,EUU,EG.USE.COMM.GD.PP.KD,106.2459602,101.149616,100.0209903,98.46317928,100.2893846,94.75465892,94.41465751,93.06181669,87.96529546,86.83562339
European Union,EUU,IT.NET.USER.P2,54.5192848,60.29466552,64.21764313,67.27798828,70.71315032,71.63025008,73.83414009,75.686771,77.31226509,77.78537801
Faeroe Islands,FRO,EG.USE.COMM.GD.PP.KD,NA,NA,NA,NA,NA,NA,NA,NA,NA,NA
Faeroe Islands,FRO,IT.NET.USER.P2,69.35944512,75.98,75.57,75.18,75.2,80.7321728,85.33518924,90,93.3,94.2
Fiji,FJI,EG.USE.COMM.GD.PP.KD,89.92171453,85.01473436,NA,NA,NA,NA,NA,NA,NA,NA
Fiji,FJI,IT.NET.USER.P2,9.6000384,10.89783105,13,17,20,28,33.74235675,35.2,37.4,42.5
Finland,FIN,EG.USE.COMM.GD.PP.KD,175.4018316,164.2417382,156.6466133,161.2723291,171.3702245,160.6949467,157.236494,155.1227272,159.2452577,152.1425733
Finland,FIN,IT.NET.USER.P2,79.66,80.78,83.67,82.49,86.89,88.70999491,89.87999797,91.5144,86.53039275,86.42213333
Fragile and conflict affected situations,FCS,EG.USE.COMM.GD.PP.KD,133.5982619,127.1053355,125.4695798,128.5342144,127.1425525,135.6906099,127.7182253,130.3987481,NA,NA
Fragile and conflict affected situations,FCS,IT.NET.USER.P2,1.912450215,2.982722663,3.028238899,3.919145859,6.048094521,6.883777847,8.481737554,10.30789258,12.40535299,16.25598183
France,FRA,EG.USE.COMM.GD.PP.KD,112.8667106,109.0053009,109.2711649,107.73644,108.9880854,102.7512583,102.7824549,102.637407,97.50805545,97.69319543
France,FRA,IT.NET.USER.P2,46.87,66.09,70.68,71.58,77.28,77.81999899,81.44,81.9198,83.75,78.01
French Polynesia,PYF,EG.USE.COMM.GD.PP.KD,NA,NA,NA,NA,NA,NA,NA,NA,NA,NA
French Polynesia,PYF,IT.NET.USER.P2,25.10796425,28.59,33.87,44.6,49,49,52.87663059,56.8,60.68,64.56020975
Gabon,GAB,EG.USE.COMM.GD.PP.KD,147.4351161,154.9084065,176.062335,192.3576779,201.7755272,151.7201912,127.7386275,176.5455263,162.23287,NA
Gabon,GAB,IT.NET.USER.P2,5.489200803,5.767004576,7.5,9.5,13,18,24,30.53803344,38.07120929,45.78453653
"Gambia, The",GMB,EG.USE.COMM.GD.PP.KD,50.91066476,57.31466542,NA,NA,NA,NA,NA,NA,NA,NA
"Gambia, The",GMB,IT.NET.USER.P2,5.237691158,6.205037419,6.88,7.63,9.2,10.8703,12.44922872,14,15.56,16.5
Georgia,GEO,EG.USE.COMM.GD.PP.KD,134.9313299,132.3799909,116.3453682,124.4088096,118.1038878,125.0395064,122.9191509,125.0478362,134.6267434,NA
Georgia,GEO,IT.NET.USER.P2,7.526876845,8.26,10.01,20.07,26.9,31.52,36.94,43.3,44,47.56975964
Germany,DEU,EG.USE.COMM.GD.PP.KD,107.4173373,98.47948044,98.48464566,97.73249096,98.867323,90.64389385,90.53615208,91.79954923,86.76327349,86.88501998
Germany,DEU,IT.NET.USER.P2,72.16,75.16,78,79,82,81.26999954,82.34999847,84.17,86.19,87.5898
Ghana,GHA,EG.USE.COMM.GD.PP.KD,107.7244102,103.2452867,94.59633373,97.71678269,98.76974812,92.44545726,91.54373312,89.25021371,86.60767506,NA
Ghana,GHA,IT.NET.USER.P2,2.723175973,3.85,4.27,5.44,7.8,9,10.6,15,25.51773743,31.44785241
Gibraltar,GIB,EG.USE.COMM.GD.PP.KD,NA,NA,NA,NA,NA,NA,NA,NA,NA,NA
Gibraltar,GIB,IT.NET.USER.P2,45.29864751,51.61,58,65.07,65,65,65.017,NA,NA,NA
Greece,GRC,EG.USE.COMM.GD.PP.KD,88.08423018,85.26405223,86.11499372,87.07277952,86.40615698,92.105631,98.63749517,89.61522322,88.19576763,90.27901713
Greece,GRC,IT.NET.USER.P2,32.25,35.88,38.2,42.4,44.4,51.64999517,55.06999344,59.8663,63.21,66.835
Greenland,GRL,EG.USE.COMM.GD.PP.KD,NA,NA,NA,NA,NA,NA,NA,NA,NA,NA
Greenland,GRL,IT.NET.USER.P2,59.36168727,61.07,62.82,62.83,63,64,64.8960101,65.8,66.7,67.60044348
Grenada,GRD,EG.USE.COMM.GD.PP.KD,68.90284408,64.92739778,NA,NA,NA,NA,NA,NA,NA,NA
Grenada,GRD,IT.NET.USER.P2,21.39599117,22.29,23.18,24.05,27,30,32,35,51.6,53.81
Guam,GUM,EG.USE.COMM.GD.PP.KD,NA,NA,NA,NA,NA,NA,NA,NA,NA,NA
Guam,GUM,IT.NET.USER.P2,43.851443,46.15047362,48.41870215,50.64202838,54.04,57.7,61.53415931,65.4,69.27,73.13999995
Guatemala,GTM,EG.USE.COMM.GD.PP.KD,91.56287835,92.54605283,85.87562776,98.05596088,103.7813569,106.5306314,105.093796,110.2497724,116.1388927,NA
Guatemala,GTM,IT.NET.USER.P2,6.5,7.3,8.3,9.3,10.5,12.3,16,19.7,23.4,28.80594156
Guinea,GIN,EG.USE.COMM.GD.PP.KD,NA,NA,NA,NA,NA,NA,NA,NA,NA,NA
Guinea,GIN,IT.NET.USER.P2,0.637492123,0.780025279,0.92,0.94,1,2,3.1,4.5,6.4,8.2
Guinea-Bissau,GNB,EG.USE.COMM.GD.PP.KD,47.60278867,48.65964548,NA,NA,NA,NA,NA,NA,NA,NA
Guinea-Bissau,GNB,IT.NET.USER.P2,2.057196705,2.206302237,2.354888711,2.303280592,2.45,2.672,2.893990621,3.1,3.32,3.540706917
Guyana,GUY,EG.USE.COMM.GD.PP.KD,134.7865546,125.9452565,NA,NA,NA,NA,NA,NA,NA,NA
Guyana,GUY,IT.NET.USER.P2,NA,13.8,18.2,23.9,29.9,30,30.5,31,32,34
Haiti,HTI,EG.USE.COMM.GD.PP.KD,237.0574281,240.3525279,241.4080936,237.578197,252.7720192,247.9523592,249.7293431,241.1062034,237.6501359,NA
Haiti,HTI,IT.NET.USER.P2,6.796000481,7.2,7.6,8.1,8.37,9,9.8,10.6,11.4,12.1977
Heavily indebted poor countries (HIPC),HPC,EG.USE.COMM.GD.PP.KD,226.6137139,216.1408955,210.3915998,208.8076387,205.2037775,204.6672267,204.8205794,199.8018236,NA,NA
Heavily indebted poor countries (HIPC),HPC,IT.NET.USER.P2,1.554535962,2.327953341,2.512402792,3.126912305,4.723077405,5.32702021,6.591134928,8.045357588,10.36489154,13.88057602
High income,HIC,EG.USE.COMM.GD.PP.KD,127.5272756,124.8922921,123.3863878,122.4343156,123.2666269,118.2709108,116.4006266,115.1430031,112.6701844,109.4124344
High income,HIC,IT.NET.USER.P2,59.87996711,65.25860174,67.37898097,68.78919639,71.19093319,71.93737977,74.69761083,76.16055214,77.92904112,79.36121922
Honduras,HND,EG.USE.COMM.GD.PP.KD,137.4683896,152.0219919,144.6588452,142.0630548,140.2470942,149.7499775,145.6401097,143.7572142,143.6582253,NA
Honduras,HND,IT.NET.USER.P2,7.8,9.4,9.6,9.8,11.09,15.9,18.12,17.8,19.08,27.61981381
"Hong Kong SAR, China",HKG,EG.USE.COMM.GD.PP.KD,44.41381281,44.8131117,43.02122349,46.42752396,40.46432934,41.67259031,39.59470838,37.57497889,37.32725094,NA
"Hong Kong SAR, China",HKG,IT.NET.USER.P2,60.8,64.8,66.7,69.4,72,72.2,72.9,74.2,79.86627043,84.94835296
Hungary,HUN,EG.USE.COMM.GD.PP.KD,116.1802898,113.147663,111.0904023,111.6153578,114.6635228,109.465362,104.7536122,98.27179107,95.79304133,97.17616007
Hungary,HUN,IT.NET.USER.P2,47.06,53.3,61,62,65,68.01998789,70.57999815,72.6439,75.65319745,72.8347
IBRD only,IBD,EG.USE.COMM.GD.PP.KD,161.3002585,155.3347925,151.9763607,151.7272539,151.2397121,148.8635595,146.4775615,142.2647651,138.4671025,NA
IBRD only,IBD,IT.NET.USER.P2,10.52352239,13.7357683,16.9458663,20.28596592,24.81506376,28.3078637,32.08905965,35.15221114,38.78204932,42.65931134
Iceland,ISL,EG.USE.COMM.GD.PP.KD,312.8515181,339.5523919,377.382458,418.8208805,436.7377593,458.2713539,441.5066597,440.5775305,429.6314584,406.0314585
Iceland,ISL,IT.NET.USER.P2,89.51,90.6,91,93,93.39,94.8196868,96.20979955,96.5468,98.16,98.2
IDA & IBRD total,IBT,EG.USE.COMM.GD.PP.KD,162.2378184,156.2663918,152.8856912,152.1617396,151.472027,149.2474533,146.8821135,142.56566,138.3111177,NA
IDA & IBRD total,IBT,IT.NET.USER.P2,8.866094621,11.45008108,14.08224247,16.8119493,20.54576739,23.38078621,26.56150021,29.24111498,32.63633278,36.27474132
IDA blend,IDB,EG.USE.COMM.GD.PP.KD,173.888258,168.6467122,166.0652969,156.0349898,153.687457,153.7376409,152.2575045,144.2365493,125.7174511,NA
IDA blend,IDB,IT.NET.USER.P2,5.593256436,6.367686217,7.122248231,8.114761023,9.572492823,11.24404202,13.20521373,15.44744298,17.80598747,20.71166243
IDA only,IDX,EG.USE.COMM.GD.PP.KD,172.8016325,166.2913306,161.7738756,159.2163966,155.1686938,154.49594,151.5829688,148.8293419,149.0322613,NA
IDA only,IDX,IT.NET.USER.P2,1.510271787,2.353326266,2.734201441,3.405774784,4.893792059,5.594340282,6.84592745,8.465372948,11.65773048,14.93839693
IDA total,IDA,EG.USE.COMM.GD.PP.KD,173.417408,167.6176826,164.1728148,157.4386241,154.3442435,154.0732326,151.9556063,146.3081403,136.2593656,NA
IDA total,IDA,IT.NET.USER.P2,2.919438197,3.689115747,4.232176028,5.013510519,6.465312209,7.47629498,8.965781529,10.77688944,13.69443186,16.85169541
India,IND,EG.USE.COMM.GD.PP.KD,136.7120398,131.5435932,132.8450958,134.8649407,127.8542644,124.983574,124.3782113,119.6140065,118.3680304,NA
India,IND,IT.NET.USER.P2,2.805499865,3.95,4.38,5.12,7.5,10.07,12.58006091,15.1,21,26
Indonesia,IDN,EG.USE.COMM.GD.PP.KD,112.718464,105.4938595,101.478503,104.8422172,103.7031969,94.09062608,92.06737352,89.49693187,88.36380186,NA
Indonesia,IDN,IT.NET.USER.P2,4.764813134,5.786274729,7.917479385,6.92,10.92,12.28,14.52,14.94,17.14,21.97606771
"Iran, Islamic Rep.",IRN,EG.USE.COMM.GD.PP.KD,156.2838906,152.8877964,163.4318223,161.4916177,152.6830186,151.6831695,170.5193703,174.1739481,178.6489357,NA
"Iran, Islamic Rep.",IRN,IT.NET.USER.P2,8.76,9.47,12.02,13.8,15.9,19,22.73,29.95,39.35,45.33497588
Iraq,IRQ,EG.USE.COMM.GD.PP.KD,76.9328403,77.21880585,77.2839164,89.59670867,95.88072311,97.54204053,95.67055071,95.68462504,95.25945384,NA
Iraq,IRQ,IT.NET.USER.P2,0.952344244,0.93,1,1.06,2.5,5,7.1,9.2,13.21,17.22
Ireland,IRL,EG.USE.COMM.GD.PP.KD,71.5169315,69.80396125,71.50882901,72.42464294,71.58696247,63.46713759,63.43925794,61.90835445,56.06684234,46.36577506
Ireland,IRL,IT.NET.USER.P2,54.82,61.15832455,65.34,67.38,69.85,74.88997297,76.91999254,78.2477,83.49172234,83.49479167
Isle of Man,IMN,EG.USE.COMM.GD.PP.KD,NA,NA,NA,NA,NA,NA,NA,NA,NA,NA
Isle of Man,IMN,IT.NET.USER.P2,NA,NA,NA,NA,NA,NA,NA,NA,NA,NA
Israel,ISR,EG.USE.COMM.GD.PP.KD,104.1993709,100.8251259,107.5964636,99.83069873,102.290738,97.5239871,100.3115256,91.84080347,87.1395702,86.74259066
Israel,ISR,IT.NET.USER.P2,27.88107446,48.12806219,59.39,63.12,67.5,68.87387799,70.8,70.25031195,75.01775316,77.35208966
Italy,ITA,EG.USE.COMM.GD.PP.KD,83.04089409,81.56986436,81.34987777,80.3664788,80.95288652,77.81600245,76.9083281,75.37946077,71.1275292,72.35006528
Italy,ITA,IT.NET.USER.P2,37.99,40.79,44.53,48.83,53.68,54.3899983,55.82999799,58.4593,55.63846022,58.14173496
Jamaica,JAM,EG.USE.COMM.GD.PP.KD,175.1664862,173.6733552,147.3261429,132.0959009,118.7004652,124.4670217,121.6128934,125.7415128,121.8833058,NA
Jamaica,JAM,IT.NET.USER.P2,16.4,21.1,23.6,24.3,27.67,37.43861341,33.79,37.1,40.4027351,42.22122119
Japan,JPN,EG.USE.COMM.GD.PP.KD,112.1667301,109.3448485,106.3563379,107.1899999,108.9033036,100.9320134,97.26689296,96.03670366,92.95694951,90.50389276
Japan,JPN,IT.NET.USER.P2,68.68527032,74.3,75.4,78,78.21,79.05411352,79.4964,88.21942891,89.10683302,91.05802839
Jordan,JOR,EG.USE.COMM.GD.PP.KD,126.0982139,122.6120739,112.1219037,112.1499934,104.4027784,101.2350515,109.561879,104.8860457,107.6896895,NA
Jordan,JOR,IT.NET.USER.P2,13.86710879,20,23,26,27.2,34.9,37,41.4,46.2,60.11438269
Kazakhstan,KAZ,EG.USE.COMM.GD.PP.KD,228.7617896,225.9961922,231.274316,207.6389819,210.7251746,219.5251077,200.0764396,208.3624946,188.009313,NA
Kazakhstan,KAZ,IT.NET.USER.P2,3.268369051,4.02,11,18.2,31.6,50.6,61.90662747,63.30422443,66,70.8299336
Kenya,KEN,EG.USE.COMM.GD.PP.KD,195.4595285,186.9169459,193.0547519,197.8942289,190.6520889,183.4111813,177.5523855,177.366669,186.4810942,NA
Kenya,KEN,IT.NET.USER.P2,3.6,4.4,5.2,6.1,7.2,8.8,10.5,13,16.5,16.6
Kiribati,KIR,EG.USE.COMM.GD.PP.KD,55.69029945,59.9393616,NA,NA,NA,NA,NA,NA,NA,NA
Kiribati,KIR,IT.NET.USER.P2,4.5,6,7,8.97,9.07,10,10.74679768,11.5,12.25,12.99748389
"Korea, Dem. Rep.",PRK,EG.USE.COMM.GD.PP.KD,NA,NA,NA,NA,NA,NA,NA,NA,NA,NA
"Korea, Dem. Rep.",PRK,IT.NET.USER.P2,0,0,0,0,0,0,0,NA,NA,NA
"Korea, Rep.",KOR,EG.USE.COMM.GD.PP.KD,165.281557,162.9555221,161.9461892,162.3360701,166.23189,167.0456801,165.1677911,160.7336995,158.2398418,158.3885126
"Korea, Rep.",KOR,IT.NET.USER.P2,78.1,78.8,81,81.6,83.7,83.75912015,84.07,84.77,87.55682649,89.9
Kosovo,XKX,EG.USE.COMM.GD.PP.KD,164.6745441,159.6152657,168.4741994,179.1471123,177.7264292,171.8118618,156.4144356,150.5558263,139.4852722,NA
Kosovo,XKX,IT.NET.USER.P2,NA,NA,NA,NA,NA,NA,NA,NA,NA,NA
Kuwait,KWT,EG.USE.COMM.GD.PP.KD,112.1652361,108.3054107,115.5383449,136.0133746,142.2703077,131.0043241,141.1170656,131.0432035,126.4509506,NA
Kuwait,KWT,IT.NET.USER.P2,28.79119795,34.8,42,50.8,61.4,65.76907069,70.45,75.46,78.7,77.52326901
Kyrgyz Republic,KGZ,EG.USE.COMM.GD.PP.KD,200.7871543,215.6882565,212.812722,188.8653311,181.1366852,205.5346789,256.8877324,221.217234,204.4232113,NA
Kyrgyz Republic,KGZ,IT.NET.USER.P2,12.306907,14.03,15.7,16,16.3,17.5,19.8,23,28.3,30.24704278
Lao PDR,LAO,EG.USE.COMM.GD.PP.KD,NA,NA,NA,NA,NA,NA,NA,NA,NA,NA
Lao PDR,LAO,IT.NET.USER.P2,1.169893428,1.64,3.55,6,7,9,10.74767619,12.5,14.26,18.2
Late-demographic dividend,LTE,EG.USE.COMM.GD.PP.KD,183.3965265,176.0854519,170.2899866,168.8424097,170.5058648,168.4772435,164.8607798,160.3760899,154.4104115,NA
Late-demographic dividend,LTE,IT.NET.USER.P2,15.13640873,19.97382944,25.19779327,30.59824643,36.03368272,40.04939085,44.71099693,48.36886754,50.90980121,53.48850319
Latin America & Caribbean,LCN,EG.USE.COMM.GD.PP.KD,100.5178625,96.96088794,96.40245844,97.59984287,96.99542087,94.70260856,95.93507758,95.0098513,93.02039111,NA
Latin America & Caribbean,LCN,IT.NET.USER.P2,20.75599317,23.71256739,26.50979573,31.03941817,34.71188923,39.35253782,43.18243413,46.26107781,48.61685311,54.57175225
Latin America & Caribbean (excluding high income),LAC,EG.USE.COMM.GD.PP.KD,97.44649166,94.22232441,93.68930661,94.71515045,94.69015606,92.39673762,93.66496337,92.649237,89.82260904,NA
Latin America & Caribbean (excluding high income),LAC,IT.NET.USER.P2,20.1667132,22.99693823,25.75761617,30.19785345,33.31347226,37.77786613,41.49606048,44.51931447,46.81784029,52.64253015
Latin America & Caribbean (IDA & IBRD),TLA,EG.USE.COMM.GD.PP.KD,100.585061,97.01934832,96.40245844,97.59984287,96.99542087,94.70260856,95.93507758,95.0098513,93.02039111,NA
Latin America & Caribbean (IDA & IBRD),TLA,IT.NET.USER.P2,20.89562897,23.90431894,26.67697568,31.27579133,34.98445336,39.71283962,43.40449689,46.43347909,48.94566182,54.80772299
Latvia,LVA,EG.USE.COMM.GD.PP.KD,106.8274072,99.35760533,98.50041212,110.4727775,117.7218415,104.5161313,104.2152412,99.99025524,98.17871264,NA
Latvia,LVA,IT.NET.USER.P2,53.63,59.17,63.41,66.84,68.42,69.74995456,73.11994377,75.2344,75.83,79.2006
Least developed countries: UN classification,LDC,EG.USE.COMM.GD.PP.KD,169.7514933,160.0189983,156.0364181,155.1443001,151.0271188,149.5000347,146.7746306,143.8430225,144.5956586,NA
Least developed countries: UN classification,LDC,IT.NET.USER.P2,1.120428606,1.852511744,2.122203283,2.702761909,4.128908817,4.759501101,6.019648382,7.488404167,10.39840462,13.21815394
Lebanon,LBN,EG.USE.COMM.GD.PP.KD,96.50737369,77.77912139,90.49418339,100.6638606,89.391787,88.13453563,96.87015,93.06987135,96.69074907,NA
Lebanon,LBN,IT.NET.USER.P2,15,18.74,22.53,30.14,43.68,52,61.24978572,70.5,73,74
Lesotho,LSO,EG.USE.COMM.GD.PP.KD,4.772327943,4.552316172,NA,NA,NA,NA,NA,NA,NA,NA
Lesotho,LSO,IT.NET.USER.P2,2.979708187,3.44543126,3.58,3.72,3.86,7,10,15,22,25
Liberia,LBR,EG.USE.COMM.GD.PP.KD,NA,NA,NA,NA,NA,NA,NA,NA,NA,NA
Liberia,LBR,IT.NET.USER.P2,NA,0.551376581,0.53,2,2.3,2.5,2.6,3.2,5.41,5.903867603
Libya,LBY,EG.USE.COMM.GD.PP.KD,111.8359841,97.77668489,101.450135,110.8778194,113.7025832,197.4386693,111.5045073,145.2688347,175.919933,NA
Libya,LBY,IT.NET.USER.P2,4.301051789,4.721999379,9,10.8,14,14,NA,16.5,17.76,19.01607978
Liechtenstein,LIE,EG.USE.COMM.GD.PP.KD,NA,NA,NA,NA,NA,NA,NA,NA,NA,NA
Liechtenstein,LIE,IT.NET.USER.P2,64.21416136,65.08021844,70,75,80,85,89.4077,93.8,95.21,96.6411951
Lithuania,LTU,EG.USE.COMM.GD.PP.KD,131.8560799,128.7876155,126.2707712,136.4908178,108.0062485,105.559011,102.6638312,93.7262551,90.91538172,NA
Lithuania,LTU,IT.NET.USER.P2,43.9,49.9,55.22,59.76,62.12,63.6399774,67.22998933,68.4529,72.13,71.378
Low & middle income,LMY,EG.USE.COMM.GD.PP.KD,164.2618554,158.3225427,154.8447732,154.0603165,153.3602278,151.1864277,148.7073227,144.1831472,139.8063829,NA
Low & middle income,LMY,IT.NET.USER.P2,8.370476548,10.92099323,13.52767729,16.19759607,19.87047871,22.68084992,25.86718964,28.67106303,32.06087799,35.69456525
Low income,LIC,EG.USE.COMM.GD.PP.KD,NA,NA,NA,NA,NA,NA,NA,NA,NA,NA
Low income,LIC,IT.NET.USER.P2,1.412875022,1.931672214,2.577058501,3.27663176,4.339982089,4.885647308,5.934740615,7.327194538,8.979293457,11.74759808
Lower middle income,LMC,EG.USE.COMM.GD.PP.KD,138.0805088,132.4243793,130.1700509,128.4313617,125.745871,122.0451202,120.3722907,115.0963139,110.5155009,NA
Lower middle income,LMC,IT.NET.USER.P2,4.565337448,5.746870828,6.777338817,7.832289947,10.78911935,13.002559,15.52915053,18.15933393,22.60111221,26.80014799
Luxembourg,LUX,EG.USE.COMM.GD.PP.KD,99.97944181,89.65379722,90.75028704,89.24620548,90.79114039,87.56483698,86.27648164,80.65790814,73.25911256,69.59829459
Luxembourg,LUX,IT.NET.USER.P2,72.51,78.92,82.23,87.31,90.62,90.02985856,91.94992374,93.7765,94.67,96.38
"Macao SAR, China",MAC,EG.USE.COMM.GD.PP.KD,NA,NA,NA,NA,NA,NA,NA,NA,NA,NA
"Macao SAR, China",MAC,IT.NET.USER.P2,46.4,47.327,49.24,54,55.198,60.20369672,61.31,65.8,69.78,77.60013186
"Macedonia, FYR",MKD,EG.USE.COMM.GD.PP.KD,144.2315037,139.7525099,132.2959396,123.7491798,122.4560991,129.7069671,123.6217396,109.5345239,102.6594785,NA
"Macedonia, FYR",MKD,IT.NET.USER.P2,28.62,36.3,46.04,51.77,51.9,56.7,57.44994731,65.24,68.06,70.3802
Madagascar,MDG,EG.USE.COMM.GD.PP.KD,NA,NA,NA,NA,NA,NA,NA,NA,NA,NA
Madagascar,MDG,IT.NET.USER.P2,0.607552239,0.65,1.65,1.63,1.7,1.9,2.3,3,3.7,4.17397219
Malawi,MWI,EG.USE.COMM.GD.PP.KD,NA,NA,NA,NA,NA,NA,NA,NA,NA,NA
Malawi,MWI,IT.NET.USER.P2,0.42513749,0.965864737,0.7,1.07,2.26,3.33,4.3506,5.05,5.83,9.298148347
Malaysia,MYS,EG.USE.COMM.GD.PP.KD,131.3137398,135.2733647,134.8888843,130.1367904,123.6687544,122.468646,118.1517072,127.272114,122.6528707,NA
Malaysia,MYS,IT.NET.USER.P2,51.63798899,55.7,55.8,55.9,56.3,61,65.8,57.05751226,63.66542588,71.06406781
Maldives,MDV,EG.USE.COMM.GD.PP.KD,77.23257782,74.44021392,NA,NA,NA,NA,NA,NA,NA,NA
Maldives,MDV,IT.NET.USER.P2,11.03635278,16.3,23.2,24.8,26.53,34,38.9301,44.1,49.28,54.46195515
Mali,MLI,EG.USE.COMM.GD.PP.KD,NA,NA,NA,NA,NA,NA,NA,NA,NA,NA
Mali,MLI,IT.NET.USER.P2,0.729627281,0.81,1.57,1.8,2,2.2,2.8,3.5,7,10.33
Malta,MLT,EG.USE.COMM.GD.PP.KD,76.91196901,77.86382217,71.85968564,68.55280538,70.94412278,69.65175103,71.75660039,60.00673006,55.94089752,NA
Malta,MLT,IT.NET.USER.P2,40.41,46.9,50.08,58.86,63,68.01982379,68.19987429,68.9138,73.17,75.96
Marshall Islands,MHL,EG.USE.COMM.GD.PP.KD,175.5841971,180.6889324,NA,NA,NA,NA,NA,NA,NA,NA
Marshall Islands,MHL,IT.NET.USER.P2,3.795590214,3.95,4.6,5.6,7,10,12.5,14,16.8,19.2824418
Mauritania,MRT,EG.USE.COMM.GD.PP.KD,NA,NA,NA,NA,NA,NA,NA,NA,NA,NA
Mauritania,MRT,IT.NET.USER.P2,0.979661253,1.433613196,1.87,2.28,4,4.5,5,6.2,10.7,15.19912669
Mauritius,MUS,EG.USE.COMM.GD.PP.KD,74.88179596,71.22483131,69.14835848,65.2986808,66.095168,63.61094419,62.46768884,62.09861395,60.88026398,NA
Mauritius,MUS,IT.NET.USER.P2,16.7,20.22,21.81,22.51,28.33,34.95,35.42,40.11682514,44.80327537,50.13931848
Mexico,MEX,EG.USE.COMM.GD.PP.KD,102.0704407,99.13240606,97.01461374,102.5581222,94.78493824,96.0682336,96.77637816,95.67761372,91.03626849,87.84772275
Mexico,MEX,IT.NET.USER.P2,19.52,20.81,21.71,26.34,31.05,37.17629541,39.75,43.46,44.39,57.43104299
"Micronesia, Fed. Sts.",FSM,EG.USE.COMM.GD.PP.KD,NA,NA,NA,NA,NA,NA,NA,NA,NA,NA
"Micronesia, Fed. Sts.",FSM,IT.NET.USER.P2,12.75033925,13.62113273,14.49,15.35,20,22.8,25.974423,27.8,29.65,31.50108128
Middle East & North Africa,MEA,EG.USE.COMM.GD.PP.KD,117.2437654,116.9542546,120.5275014,123.9701182,123.4610059,120.9557412,126.3264647,123.9429947,127.3359966,NA
Middle East & North Africa,MEA,IT.NET.USER.P2,11.85474422,15.07590034,18.75299529,21.61841565,24.87267923,27.83595894,31.61118712,35.3283434,40.24021671,44.40727025
Middle East & North Africa (excluding high income),MNA,EG.USE.COMM.GD.PP.KD,115.0547214,113.4129423,115.8205508,116.8041334,112.3171926,114.4141662,118.0648164,118.7212171,121.9958159,NA
Middle East & North Africa (excluding high income),MNA,IT.NET.USER.P2,9.993366807,11.9482906,15.07349353,17.78760994,20.73330352,23.02044794,26.27417096,29.80611556,34.83925816,39.13948506
Middle East & North Africa (IDA & IBRD),TMN,EG.USE.COMM.GD.PP.KD,115.0547214,113.4129423,115.8205508,116.8041334,112.3171926,114.4141662,118.0648164,118.7212171,121.9958159,NA
Middle East & North Africa (IDA & IBRD),TMN,IT.NET.USER.P2,9.893586397,11.83811176,14.9616994,17.61214929,20.52900382,22.79709863,26.0565215,29.59457478,34.59977645,38.90462806
Middle income,MIC,EG.USE.COMM.GD.PP.KD,162.6949487,156.8187584,153.3735553,152.5885329,152.0159556,149.8582717,147.3867924,142.8275916,138.4575703,NA
Middle income,MIC,IT.NET.USER.P2,9.118648725,11.92681557,14.780281,17.69823211,21.6523756,24.79409178,28.27000392,31.22103523,34.86055991,38.64313246
Moldova,MDA,EG.USE.COMM.GD.PP.KD,276.8651265,261.5479981,241.7266742,244.2546746,251.7668722,232.0236242,231.185942,189.9346521,194.9144412,NA
Moldova,MDA,IT.NET.USER.P2,19.62064771,20.45,23.39,27.5,32.3,38,43.37,60,67,69
Monaco,MCO,EG.USE.COMM.GD.PP.KD,NA,NA,NA,NA,NA,NA,NA,NA,NA,NA
Monaco,MCO,IT.NET.USER.P2,61.47603971,64.3776824,67.25,70.1,75,80.3,87,90.7,92.4,93.36330202
Mongolia,MNG,EG.USE.COMM.GD.PP.KD,205.4933466,195.2585781,179.9817498,189.3832137,188.5353256,175.8721068,173.2489077,170.9951584,161.9787278,NA
Mongolia,MNG,IT.NET.USER.P2,NA,9,9.8,10,10.2,12.49999111,16.4,17.69998424,19.94244743,22.5
Montenegro,MNE,EG.USE.COMM.GD.PP.KD,150.0486989,141.7361826,142.0384287,120.2908253,135.257899,125.4471084,121.6937368,108.6090253,103.9603977,NA
Montenegro,MNE,IT.NET.USER.P2,28.9,30.8,32.9,35.1,37.5,35.61154125,56.83878255,60.31,61,68.11958104
Morocco,MAR,EG.USE.COMM.GD.PP.KD,84.53866637,84.21725563,82.55593026,79.76608462,80.60035442,82.51872806,81.23911087,78.04464235,76.979191,NA
Morocco,MAR,IT.NET.USER.P2,19.77119157,21.5,33.1,41.3,52,46.1074826,55.41605319,56,56.8,57.08
Mozambique,MOZ,EG.USE.COMM.GD.PP.KD,512.3218944,497.3935445,474.4178229,462.5554795,448.0595063,435.1067595,413.4812755,399.7083348,395.9889911,NA
Mozambique,MOZ,IT.NET.USER.P2,0.842954488,0.91,1.56,2.68,4.17,4.3,6,7.29393733,9.236314896,16.93353299
Myanmar,MMR,EG.USE.COMM.GD.PP.KD,121.132814,112.2249144,98.12534784,84.09266824,75.12355264,72.68259911,74.01737012,72.43010649,77.95974161,NA
Myanmar,MMR,IT.NET.USER.P2,0.182048331,0.217128445,0.22,0.22,0.25,0.98,4,8,11.52,21.72583401
Namibia,NAM,EG.USE.COMM.GD.PP.KD,84.06549955,81.14275934,84.18755905,85.45218549,83.67263509,82.20086198,81.07751766,81.00387152,79.19138339,NA
Namibia,NAM,IT.NET.USER.P2,4.398870647,4.835610778,5.329003772,6.5,11.6,12,12.9414,13.9,14.84,25.68785182
Nauru,NRU,EG.USE.COMM.GD.PP.KD,NA,NA,NA,NA,NA,NA,NA,NA,NA,NA
Nauru,NRU,IT.NET.USER.P2,NA,NA,NA,NA,NA,54,NA,NA,NA,NA
Nepal,NPL,EG.USE.COMM.GD.PP.KD,204.5471022,201.6347868,196.6819293,193.7191323,190.2570353,190.4094333,173.7046431,185.4808601,182.1230883,NA
Nepal,NPL,IT.NET.USER.P2,1.141389164,1.41,1.73,1.97,7.93,9,11.1493,13.3,15.44,17.58161801
Netherlands,NLD,EG.USE.COMM.GD.PP.KD,109.5299785,105.5050405,102.8553173,104.6431403,110.3867811,100.6520262,102.3148398,101.7931331,94.71581626,91.04423568
Netherlands,NLD,IT.NET.USER.P2,83.7,85.82,87.42,89.63,90.72,91.41999576,92.85999236,93.9564,91.666666,91.72413793
New Caledonia,NCL,EG.USE.COMM.GD.PP.KD,NA,NA,NA,NA,NA,NA,NA,NA,NA,NA
New Caledonia,NCL,IT.NET.USER.P2,33.51571468,35.05,34.51,33.99,42,50,58,66,70,74.00175279
New Zealand,NZL,EG.USE.COMM.GD.PP.KD,127.3988912,124.1517281,128.0608449,126.6208772,131.5441399,127.6030142,130.5935007,129.0714855,132.342139,125.8778668
New Zealand,NZL,IT.NET.USER.P2,69,69.76,72.03,79.7,80.46,81.23,81.64447018,82.78,85.5,88.22288882
Nicaragua,NIC,EG.USE.COMM.GD.PP.KD,134.5807742,130.2073809,127.288127,132.3951046,127.8852659,124.4488073,125.5872447,128.1477592,127.2787251,NA
Nicaragua,NIC,IT.NET.USER.P2,2.805573063,3.9,5.3,7.3,10,10.6,13.5,15.5,17.6,19.7042915
Niger,NER,EG.USE.COMM.GD.PP.KD,161.659227,163.9764689,156.668889,167.2860519,166.6254684,141.4946308,148.7678013,178.0495554,166.6570861,NA
Niger,NER,IT.NET.USER.P2,0.294033977,0.39039062,0.7,0.76,0.83,0.9,1.05,1.15,1.248675689,2.476219975
Nigeria,NGA,EG.USE.COMM.GD.PP.KD,170.2096058,164.9490779,159.824021,147.0876628,146.7894833,148.0235114,149.5103177,142.3331336,134.59181,NA
Nigeria,NGA,IT.NET.USER.P2,5.545036083,6.77,8,9.3,11.5,13.8,16.1,19.1,21,24.5
North America,NAC,EG.USE.COMM.GD.PP.KD,156.0372705,155.7805373,152.6228168,149.4589573,148.8878328,145.2958453,140.0736153,139.3081989,138.0999537,132.2393034
North America,NAC,IT.NET.USER.P2,69.27397962,74.82175132,74.26934982,71.92675751,72.5503538,71.0589108,75.53469755,72.85125319,74.42683527,75.96382602
Northern Mariana Islands,MNP,EG.USE.COMM.GD.PP.KD,NA,NA,NA,NA,NA,NA,NA,NA,NA,NA
Northern Mariana Islands,MNP,IT.NET.USER.P2,NA,NA,NA,NA,NA,NA,NA,NA,NA,NA
Norway,NOR,EG.USE.COMM.GD.PP.KD,91.36097287,90.07258361,104.5534695,103.4177976,111.2196395,90.91150287,93.74319524,102.0090487,88.23265664,90.86022473
Norway,NOR,IT.NET.USER.P2,82.55,86.93,90.57,92.08,93.39,93.48998265,94.64997805,95.0534,96.3,96.8103
OECD members,OED,EG.USE.COMM.GD.PP.KD,126.3668094,123.7335205,121.845404,120.7366989,121.2026148,116.6006884,114.2888727,113.0736881,109.8804817,107.0433977
OECD members,OED,IT.NET.USER.P2,56.60780276,61.87047292,63.9153718,65.337324,67.62667463,68.54624232,70.95097963,72.27346944,73.89000541,76.39504549
Oman,OMN,EG.USE.COMM.GD.PP.KD,140.6523194,154.4415052,126.2506478,120.2190776,135.7518134,161.441355,158.7916458,157.0302616,152.1548772,NA
Oman,OMN,IT.NET.USER.P2,8.299716673,16.68,20,26.8,35.8278,48,60,66.45,70.22,73.53
Other small states,OSS,EG.USE.COMM.GD.PP.KD,136.7875548,135.9296703,NA,NA,NA,NA,NA,NA,NA,NA
Other small states,OSS,IT.NET.USER.P2,14.22604903,16.04448479,18.64968717,20.62774851,24.19191717,27.79362502,31.09335689,35.93863063,39.71373435,43.18629165
Pacific island small states,PSS,EG.USE.COMM.GD.PP.KD,84.71648158,81.7162319,NA,NA,NA,NA,NA,NA,NA,NA
Pacific island small states,PSS,IT.NET.USER.P2,6.49353724,7.393425074,8.692047105,10.87156551,12.97469668,17.64878858,20.72104369,22.0312361,24.73681875,27.94692745
Pakistan,PAK,EG.USE.COMM.GD.PP.KD,121.5272992,122.1368892,118.0776792,116.5527746,116.3684978,114.1078153,111.5168517,109.4124294,105.8612732,NA
Pakistan,PAK,IT.NET.USER.P2,6.5,6.8,7,7.5,8,9,9.96,10.9,12,14
Palau,PLW,EG.USE.COMM.GD.PP.KD,NA,NA,NA,NA,NA,NA,NA,NA,NA,NA
Palau,PLW,IT.NET.USER.P2,NA,NA,NA,NA,NA,NA,NA,NA,NA,NA
Panama,PAN,EG.USE.COMM.GD.PP.KD,72.08415785,63.00667902,57.49951939,62.68003824,63.37921384,61.78240226,58.10657954,53.39910834,53.90800552,NA
Panama,PAN,IT.NET.USER.P2,17.34956617,22.29,33.82,39.08,40.1,42.7,40.30189522,44.03,44.92,51.20542499
Papua New Guinea,PNG,EG.USE.COMM.GD.PP.KD,NA,NA,NA,NA,NA,NA,NA,NA,NA,NA
Papua New Guinea,PNG,IT.NET.USER.P2,1.754487261,1.790559361,1.15,1.61,1.28,2,3.5,5.1,6.5,7.9
Paraguay,PRY,EG.USE.COMM.GD.PP.KD,109.7634665,107.9104235,106.3320646,112.1713236,106.2101888,103.229711,107.1231446,92.87822345,92.77016798,NA
Paraguay,PRY,IT.NET.USER.P2,7.962073884,11.21,14.27,18.9,19.8,24.76351588,29.34,36.9,43,49.72
Peru,PER,EG.USE.COMM.GD.PP.KD,58.75273471,58.58097452,56.30296754,58.38471336,63.82644253,61.10027524,61.94938477,58.30427505,66.47909011,NA
Peru,PER,IT.NET.USER.P2,20.7,25.2,30.57,31.4,34.77,36.01,38.2,39.2,40.2,40.9
Philippines,PHL,EG.USE.COMM.GD.PP.KD,88.88613803,83.53724556,83.23283503,78.35160254,77.00960947,74.78652024,74.56227363,72.12224058,72.31282247,NA
Philippines,PHL,IT.NET.USER.P2,5.740586325,5.97,6.22,9,25,29,36.2351,48.09902359,49.6,53.7
Poland,POL,EG.USE.COMM.GD.PP.KD,138.8786545,129.1913285,125.7742345,117.7181018,121.2751841,116.1194518,110.5419076,108.9202466,101.5894936,98.42723098
Poland,POL,IT.NET.USER.P2,44.58,48.6,53.13,58.97,62.32,61.94999897,62.30999727,62.8492,66.6,67.997
Portugal,PRT,EG.USE.COMM.GD.PP.KD,88.66966603,87.12260265,84.71328829,86.15374557,81.5989464,80.8052557,79.01355348,80.21408183,78.17922885,80.11482475
Portugal,PRT,IT.NET.USER.P2,38.01,42.09,44.13,48.27,53.3,55.24999688,60.33999749,62.0956,64.59,68.6329
Post-demographic dividend,PST,EG.USE.COMM.GD.PP.KD,130.8383681,128.0372325,126.029799,124.3132576,125.3282249,120.4959023,117.9185954,116.693861,113.6764198,110.273691
Post-demographic dividend,PST,IT.NET.USER.P2,60.41712886,65.65983522,67.65226505,68.86522805,70.97955906,71.43008867,74.22831377,75.73474644,77.3991187,78.71203552
Pre-demographic dividend,PRE,EG.USE.COMM.GD.PP.KD,156.9471869,151.2087927,149.5270069,147.4133203,147.6816338,148.7728303,147.8509322,143.4003641,139.4682911,NA
Pre-demographic dividend,PRE,IT.NET.USER.P2,2.45401576,3.229315112,3.659929473,4.361325726,6.099754451,7.076155268,8.557953523,10.28268493,12.34798141,15.20460884
Puerto Rico,PRI,EG.USE.COMM.GD.PP.KD,NA,NA,NA,NA,NA,NA,NA,NA,NA,NA
Puerto Rico,PRI,IT.NET.USER.P2,25.44241821,27.86,38,41.5,45.3,48,68.9999826,68.99999,NA,63.47
Qatar,QAT,EG.USE.COMM.GD.PP.KD,163.5066814,156.5865046,136.7434745,130.1322981,124.1143676,123.9321037,144.0966613,146.1771694,153.5880898,NA
Qatar,QAT,IT.NET.USER.P2,28.97411271,37,44.3,53.1,69,69,69.3,85.3,91.49,92.88482645
Romania,ROU,EG.USE.COMM.GD.PP.KD,118.8919503,110.7615478,101.9342479,95.38340083,98.56205515,98.73972636,95.16556139,83.91609621,80.88761382,NA
Romania,ROU,IT.NET.USER.P2,24.66,28.3,32.42,36.6,39.93,40.00999678,45.87999425,49.7645,54.08,55.7632
Russian Federation,RUS,EG.USE.COMM.GD.PP.KD,223.5742555,206.5815067,200.913405,204.8330576,208.546227,207.7095398,205.3953537,198.7637052,192.4508294,NA
Russian Federation,RUS,IT.NET.USER.P2,18.02327746,24.66,26.83,29,43,49,63.8,67.97,70.52,70.1
Rwanda,RWA,EG.USE.COMM.GD.PP.KD,NA,NA,NA,NA,NA,NA,NA,NA,NA,NA
Rwanda,RWA,IT.NET.USER.P2,NA,2.115387178,4.5,7.7,8,7,8.023854277,9,10.6,18
Samoa,WSM,EG.USE.COMM.GD.PP.KD,58.23173875,55.72975541,NA,NA,NA,NA,NA,NA,NA,NA
Samoa,WSM,IT.NET.USER.P2,4.469173873,4.749983235,5.031615316,6,7,11,12.92249,15.3,21.2,25.40700977
San Marino,SMR,EG.USE.COMM.GD.PP.KD,NA,NA,NA,NA,NA,NA,NA,NA,NA,NA
San Marino,SMR,IT.NET.USER.P2,50.20865936,50.36482211,54.52,54.21,NA,49.6,NA,NA,NA,NA
Sao Tome and Principe,STP,EG.USE.COMM.GD.PP.KD,116.3206266,112.6552692,NA,NA,NA,NA,NA,NA,NA,NA
Sao Tome and Principe,STP,IT.NET.USER.P2,14.18201978,14.5904832,15.48,16.41,18.75,20.1612,21.5724,23,24.41,25.82
Saudi Arabia,SAU,EG.USE.COMM.GD.PP.KD,121.3562486,123.1264391,129.2782832,140.5153172,148.902553,129.993608,138.7082817,129.5565186,138.8600247,NA
Saudi Arabia,SAU,IT.NET.USER.P2,19.45955435,30,36,38,41,47.5,54,60.5,64.71365737,69.6162358
Senegal,SEN,EG.USE.COMM.GD.PP.KD,115.1856576,117.764893,118.5653089,138.8344897,135.8165722,141.3284675,134.2899379,119.7041226,122.6394567,NA
Senegal,SEN,IT.NET.USER.P2,5.611738652,6.89,7.12,7.5,8,9.8,10.8,13.1,17.7,21.69026413
Serbia,SRB,EG.USE.COMM.GD.PP.KD,200.4021054,184.183831,177.2995934,164.7774883,168.7448165,172.538191,156.6355016,156.5234117,141.801403,NA
Serbia,SRB,IT.NET.USER.P2,27.2,33.15,35.6,38.1,40.9,42.2,48.1,53.45036418,62.07508046,65.3170254
Seychelles,SYC,EG.USE.COMM.GD.PP.KD,150.4910483,114.9753827,NA,NA,NA,NA,NA,NA,NA,NA
Seychelles,SYC,IT.NET.USER.P2,34.95197117,38.38,40.44,NA,41,43.16400446,47.076,50.4,51.25470199,54.25961786
Sierra Leone,SLE,EG.USE.COMM.GD.PP.KD,NA,NA,NA,NA,NA,NA,NA,NA,NA,NA
Sierra Leone,SLE,IT.NET.USER.P2,0.227669467,0.239834699,0.25,0.26,0.58,0.9,2.5,4,6.057298984,6.344421603
Singapore,SGP,EG.USE.COMM.GD.PP.KD,80.51246064,68.34751944,77.12994499,66.84391411,69.4247065,67.48709266,64.21044596,61.85824592,63.30754694,NA
Singapore,SGP,IT.NET.USER.P2,59,69.9,69,69,71,71,72,80.90205685,79.02923586,79.012957
Sint Maarten (Dutch part),SXM,EG.USE.COMM.GD.PP.KD,NA,NA,NA,NA,NA,NA,NA,NA,NA,NA
Sint Maarten (Dutch part),SXM,IT.NET.USER.P2,NA,NA,NA,NA,NA,NA,NA,NA,NA,NA
Slovak Republic,SVK,EG.USE.COMM.GD.PP.KD,159.7855054,138.0647409,134.1765965,129.5864987,131.4358818,124.4029098,117.5020833,117.7893912,107.8672697,106.1032526
Slovak Republic,SVK,IT.NET.USER.P2,56.08,61.8,66.05,70,75.71,74.43999717,76.70999012,77.8826,79.98,77.6347
Slovenia,SVN,EG.USE.COMM.GD.PP.KD,128.5335666,120.3205782,123.2143792,122.883642,124.800403,123.8680788,122.3880469,120.5889293,113.8811728,109.336071
Slovenia,SVN,IT.NET.USER.P2,54.01,56.74,58,64,70,67.33999481,68.34997453,72.6756,71.59,73.0987
Small states,SST,EG.USE.COMM.GD.PP.KD,157.5780273,156.3899415,NA,NA,NA,NA,NA,NA,NA,NA
Small states,SST,IT.NET.USER.P2,15.27200781,17.25259125,19.86894677,22.26470649,25.72457431,29.98376402,32.67522266,36.88792963,40.4491783,43.70830228
Solomon Islands,SLB,EG.USE.COMM.GD.PP.KD,69.86393676,70.6155502,NA,NA,NA,NA,NA,NA,NA,NA
Solomon Islands,SLB,IT.NET.USER.P2,1.646347989,2,3,4,5,6,6.9974,8,9,10.00046498
Somalia,SOM,EG.USE.COMM.GD.PP.KD,NA,NA,NA,NA,NA,NA,NA,NA,NA,NA
Somalia,SOM,IT.NET.USER.P2,1.100216368,1.122235622,1.142687372,1.160610542,NA,1.25,1.3767,1.5,1.63,1.76
South Africa,ZAF,EG.USE.COMM.GD.PP.KD,229.0228057,232.7600496,242.9661447,241.9024917,231.1918384,223.0577902,215.1775804,210.6171873,217.5783572,NA
South Africa,ZAF,IT.NET.USER.P2,7.607139675,8.065375174,8.43,10,24,33.97,41,46.5,49,51.91911572
South Asia,SAS,EG.USE.COMM.GD.PP.KD,130.286532,126.2180118,126.5562863,128.1024722,122.7680081,120.0723391,119.0288549,114.7502049,113.3919633,NA
South Asia,SAS,IT.NET.USER.P2,2.971573687,3.965098867,4.408935438,5.149467757,7.205783791,9.398096636,11.52085994,13.75621344,19.08327622,23.20357256
South Asia (IDA & IBRD),TSA,EG.USE.COMM.GD.PP.KD,130.286532,126.2180118,126.5562863,128.1024722,122.7680081,120.0723391,119.0288549,114.7502049,113.3919633,NA
South Asia (IDA & IBRD),TSA,IT.NET.USER.P2,2.971573687,3.965098867,4.408935438,5.149467757,7.205783791,9.398096636,11.52085994,13.75621344,19.08327622,23.20357256
South Sudan,SSD,EG.USE.COMM.GD.PP.KD,NA,NA,NA,NA,NA,NA,38.39513556,31.22072233,31.36879062,NA
South Sudan,SSD,IT.NET.USER.P2,NA,NA,NA,NA,NA,NA,NA,3.829969245,4.51615373,5.5
Spain,ESP,EG.USE.COMM.GD.PP.KD,94.77746246,92.63227843,88.58281106,84.45571955,84.37780335,83.87369382,86.25644555,81.88378667,79.00654829,79.6298846
Spain,ESP,IT.NET.USER.P2,50.37,55.11,59.6,62.4,65.8,67.08999939,69.80999994,71.635,76.19,78.6896
Sri Lanka,LKA,EG.USE.COMM.GD.PP.KD,66.71372645,63.69136401,59.16775785,56.71576446,56.54217958,55.99532957,55.212369,47.60153943,48.41932963,NA
Sri Lanka,LKA,IT.NET.USER.P2,2.537566129,3.88,5.8,8.78,12,15,18.2854,21.9,25.8,29.98873755
St. Kitts and Nevis,KNA,EG.USE.COMM.GD.PP.KD,72.13701892,75.92356237,NA,NA,NA,NA,NA,NA,NA,NA
St. Kitts and Nevis,KNA,IT.NET.USER.P2,38.5,43.5,49.2,55.7,63,63.2,64,64.6,68,75.7
St. Lucia,LCA,EG.USE.COMM.GD.PP.KD,60.40241588,64.33670087,NA,NA,NA,NA,NA,NA,NA,NA
St. Lucia,LCA,IT.NET.USER.P2,24.5,27.9,30,31,32.5,34,34.82,36,39.7,42.53093047
St. Martin (French part),MAF,EG.USE.COMM.GD.PP.KD,NA,NA,NA,NA,NA,NA,NA,NA,NA,NA
St. Martin (French part),MAF,IT.NET.USER.P2,NA,NA,NA,NA,NA,NA,NA,NA,NA,NA
St. Vincent and the Grenadines,VCT,EG.USE.COMM.GD.PP.KD,64.14749121,65.17833536,NA,NA,NA,NA,NA,NA,NA,NA
St. Vincent and the Grenadines,VCT,IT.NET.USER.P2,12,16,21,31,33.7,36.7,40,43.5,47.4,51.77
Sub-Saharan Africa,SSF,EG.USE.COMM.GD.PP.KD,201.7066685,195.9087115,197.4726166,192.2525169,187.3601164,184.482167,181.5502724,176.2567504,171.4323955,NA
Sub-Saharan Africa,SSF,IT.NET.USER.P2,2.703059039,3.422001511,3.880493418,4.598676067,6.992578507,8.382886244,10.26336052,12.32398683,14.6865236,18.0671318
Sub-Saharan Africa (excluding high income),SSA,EG.USE.COMM.GD.PP.KD,201.7464498,195.9734439,197.4726166,192.2525169,187.3601164,184.482167,181.5502724,176.2567504,171.4323955,NA
Sub-Saharan Africa (excluding high income),SSA,IT.NET.USER.P2,2.699099408,3.41805504,3.876289507,4.598676067,6.988944662,8.379303227,10.25965226,12.32027911,14.68304005,18.06375845
Sub-Saharan Africa (IDA & IBRD),TSS,EG.USE.COMM.GD.PP.KD,201.7066685,195.9087115,197.4726166,192.2525169,187.3601164,184.482167,181.5502724,176.2567504,171.4323955,NA
Sub-Saharan Africa (IDA & IBRD),TSS,IT.NET.USER.P2,2.703059039,3.422001511,3.880493418,4.598676067,6.992578507,8.382886244,10.26336052,12.32398683,14.6865236,18.0671318
Sudan,SDN,EG.USE.COMM.GD.PP.KD,138.0891717,119.7420563,112.8629182,113.0822516,111.6671064,113.555342,97.11750913,95.03433768,94.82211449,NA
Sudan,SDN,IT.NET.USER.P2,NA,8.66,NA,NA,16.7,17.46,21,22.7,24.64,26.61
Suriname,SUR,EG.USE.COMM.GD.PP.KD,95.2869316,85.77020507,86.99000333,84.79954147,95.93613752,88.28389464,95.92645127,82.70927875,82.28363529,NA
Suriname,SUR,IT.NET.USER.P2,9.499626942,14.11,21.06,31.36,31.59,32,34.6812,37.4,40.08,42.76382778
Sweden,SWE,EG.USE.COMM.GD.PP.KD,128.8288511,124.2214094,123.7735597,119.5018491,126.3996541,120.549339,121.6740533,118.3769691,112.4451484,111.7089806
Sweden,SWE,IT.NET.USER.P2,87.76,82.01,90,91,90,92.76998606,93.17998801,94.7836,92.52,90.6102
Switzerland,CHE,EG.USE.COMM.GD.PP.KD,66.36749169,60.61615447,61.66398202,63.53099247,59.92195746,57.05072302,57.04101712,58.44295016,53.47854269,51.69155583
Switzerland,CHE,IT.NET.USER.P2,75.7,77.2,79.2,81.3,83.9,85.19302818,85.2,86.34,87.4,87.4790556
Syrian Arab Republic,SYR,EG.USE.COMM.GD.PP.KD,NA,NA,NA,NA,NA,NA,NA,NA,NA,NA
Syrian Arab Republic,SYR,IT.NET.USER.P2,7.832551569,11.5,14,17.3,20.7,22.5,24.3001,26.2,28.09,29.97979724
Tajikistan,TJK,EG.USE.COMM.GD.PP.KD,192.7543414,191.1060933,168.5297227,141.0863226,135.1879805,126.2333934,126.2826142,130.3286789,131.704452,NA
Tajikistan,TJK,IT.NET.USER.P2,3.772406207,7.197619518,8.78,10.07,11.55,13.03,14.51,16,17.49,18.98
Tanzania,TZA,EG.USE.COMM.GD.PP.KD,244.9705496,233.8415492,228.9878317,223.3970548,220.7830431,216.2971424,218.3283916,210.9059327,203.8572008,NA
Tanzania,TZA,IT.NET.USER.P2,1.3,1.6,1.9,2.4,2.9,3.2,3.95,4.4,7,10
Thailand,THA,EG.USE.COMM.GD.PP.KD,127.5481328,126.0998002,127.3378021,127.7488127,130.006667,128.7713466,128.7415795,134.8299134,132.5709603,NA
Thailand,THA,IT.NET.USER.P2,17.16071472,20.03,18.2,20.1,22.4,23.66992562,26.46,28.94,34.89,39.31612674
Timor-Leste,TLS,EG.USE.COMM.GD.PP.KD,6.446332729,6.336676019,NA,NA,NA,NA,NA,NA,NA,NA
Timor-Leste,TLS,IT.NET.USER.P2,0.5,1,1.5,2,3,4,7,11,17.5,23
Togo,TGO,EG.USE.COMM.GD.PP.KD,339.0589286,344.0996568,350.9418426,412.3662926,396.4722551,380.1889423,361.5257976,357.0653276,347.1909266,NA
Togo,TGO,IT.NET.USER.P2,2,2.2,2.4,2.6,3,3.5,4,4.5,5.7,7.12
Tonga,TON,EG.USE.COMM.GD.PP.KD,114.9708041,122.0731285,NA,NA,NA,NA,NA,NA,NA,NA
Tonga,TON,IT.NET.USER.P2,5.853944095,7.179865329,8.110769944,10,16,25,30,32.75396061,35.95444145,38.65127243
Trinidad and Tobago,TTO,EG.USE.COMM.GD.PP.KD,463.3970684,470.5046614,441.8384338,467.1504161,483.3253091,476.9451238,459.0285534,462.8969152,463.3067888,NA
Trinidad and Tobago,TTO,IT.NET.USER.P2,30.00374858,32.3,34.8,44.3,48.5,55.2,59.5162,63.8,65.1,69.19847061
Tunisia,TUN,EG.USE.COMM.GD.PP.KD,93.50601103,90.50090572,90.54967209,85.36689505,92.59299695,90.10338489,90.4420603,89.36061753,87.63858204,NA
Tunisia,TUN,IT.NET.USER.P2,12.98640865,17.1,27.53,34.07,36.8,39.1,41.4416,43.8,46.16,46.5
Turkey,TUR,EG.USE.COMM.GD.PP.KD,78.52849084,80.26402868,78.56503006,81.67505437,82.11194478,78.6436097,78.16773599,71.26624991,70.43283632,70.83843341
Turkey,TUR,IT.NET.USER.P2,18.24,28.63,34.37,36.4,39.82,43.06571043,45.13,46.25,51.04,53.74497914
Turkmenistan,TKM,EG.USE.COMM.GD.PP.KD,573.0562198,587.9626817,518.6711694,429.2721096,448.5069711,425.4016204,396.2130051,368.9347845,341.4291526,NA
Turkmenistan,TKM,IT.NET.USER.P2,1.319573118,1.406360688,1.75,1.95,3,5,7.1958,9.6,12.2,14.99677482
Turks and Caicos Islands,TCA,EG.USE.COMM.GD.PP.KD,NA,NA,NA,NA,NA,NA,NA,NA,NA,NA
Turks and Caicos Islands,TCA,IT.NET.USER.P2,NA,NA,NA,NA,NA,NA,NA,NA,NA,NA
Tuvalu,TUV,EG.USE.COMM.GD.PP.KD,NA,NA,NA,NA,NA,NA,NA,NA,NA,NA
Tuvalu,TUV,IT.NET.USER.P2,NA,10,15,20,25,30,35,37,39.2,42.7
Uganda,UGA,EG.USE.COMM.GD.PP.KD,NA,NA,NA,NA,NA,NA,NA,NA,NA,NA
Uganda,UGA,IT.NET.USER.P2,2.529363038,3.671965351,7.9,9.78,12.5,13.01354333,14.1,15.5,16.9,17.83485947
Ukraine,UKR,EG.USE.COMM.GD.PP.KD,374.9695804,352.6173662,333.0395249,332.5207251,368.9686427,334.3357342,322.8794335,306.168908,298.13776,NA
Ukraine,UKR,IT.NET.USER.P2,4.506124564,6.55,11,17.9,23.3,28.70826284,35.27,40.954129,46.23597546,48.88464368
United Arab Emirates,ARE,EG.USE.COMM.GD.PP.KD,100.0491641,105.2353867,120.6492936,128.6864033,130.3256728,127.1066869,129.3167645,125.9015934,121.5021528,NA
United Arab Emirates,ARE,IT.NET.USER.P2,52,61,63,64,68,78,84.9999915,88,90.4,90.5
United Kingdom,GBR,EG.USE.COMM.GD.PP.KD,95.22270026,89.66281854,88.69869509,87.27453076,88.83376352,81.18852506,82.47819794,79.88767021,72.59382941,71.16476162
United Kingdom,GBR,IT.NET.USER.P2,68.82,75.09,78.39,83.56,85,85.37999855,87.47999842,89.8441,91.61,92.0003
United States,USA,EG.USE.COMM.GD.PP.KD,152.1306822,152.0868312,148.6207053,145.327297,145.0386744,141.1540257,135.9748554,135.3193732,133.9610584,128.243355
United States,USA,IT.NET.USER.P2,68.93119327,75,74,71,71.69,69.72946076,74.7,71.4,73,74.55420245
Upper middle income,UMC,EG.USE.COMM.GD.PP.KD,173.4924884,167.4059038,163.3273788,163.2809966,163.633794,162.0652076,159.2110526,155.0150787,150.5229624,NA
Upper middle income,UMC,IT.NET.USER.P2,13.85732683,18.49860594,23.25010563,28.21975782,33.47450792,37.71846412,42.3664634,45.73453386,48.56339695,51.97256514
Uruguay,URY,EG.USE.COMM.GD.PP.KD,70.85048444,66.14247533,80.96759922,77.24040003,70.90238734,72.88696871,73.88533635,70.0775437,69.51300414,NA
Uruguay,URY,IT.NET.USER.P2,29.4,34,39.3,41.8,46.4,51.40466106,54.45376868,57.69,61.46,64.6
Uzbekistan,UZB,EG.USE.COMM.GD.PP.KD,558.2005515,504.3106701,482.1625967,396.0732695,356.8225862,361.0315451,341.1741232,280.1217385,NA,NA
Uzbekistan,UZB,IT.NET.USER.P2,6.388321967,7.490604681,9.080114523,11.9,15.9,18.6,23.6,26.8,35.5,42.8
Vanuatu,VUT,EG.USE.COMM.GD.PP.KD,52.31100267,56.15559244,NA,NA,NA,NA,NA,NA,NA,NA
Vanuatu,VUT,IT.NET.USER.P2,5.850585059,6.8,7.269119923,7.5,8,9.2,10.598,11.3,18.8,22.35140458
"Venezuela, RB",VEN,EG.USE.COMM.GD.PP.KD,142.5924233,121.2732314,128.8307404,133.3717619,150.7084082,134.3079234,138.2504748,128.3908945,NA,NA
"Venezuela, RB",VEN,IT.NET.USER.P2,15.22471148,20.83,25.88,32.7,37.37,40.22,49.05008307,54.9,57,61.86924809
Vietnam,VNM,EG.USE.COMM.GD.PP.KD,137.6174032,138.2251008,139.8786474,144.7983469,151.0555502,142.1118559,137.4217301,130.3554263,NA,NA
Vietnam,VNM,IT.NET.USER.P2,17.25456172,20.75544477,23.92,26.55,30.65,35.07,36.8,38.5,41,43.5
Virgin Islands (U.S.),VIR,EG.USE.COMM.GD.PP.KD,NA,NA,NA,NA,NA,NA,NA,NA,NA,NA
Virgin Islands (U.S.),VIR,IT.NET.USER.P2,27.33261054,27.33933584,27.36177742,27.39650968,31.22,35.6,40.5479,45.3,50.07,54.8391373
West Bank and Gaza,PSE,EG.USE.COMM.GD.PP.KD,NA,NA,NA,NA,NA,NA,NA,NA,NA,NA
West Bank and Gaza,PSE,IT.NET.USER.P2,18.41,21.176,24.358,32.23,37.4,41.08,43.4,46.6,53.67,57.42419241
World,WLD,EG.USE.COMM.GD.PP.KD,143.3648411,139.763823,137.747098,137.369897,137.7903726,134.4612555,132.6032507,129.9771229,126.5400827,NA
World,WLD,IT.NET.USER.P2,17.49252632,20.42547985,22.95056071,25.35634482,28.73360417,31.12450613,34.19343167,36.72463857,39.771953,43.00669982
"Yemen, Rep.",YEM,EG.USE.COMM.GD.PP.KD,79.91865226,75.68185131,76.99863785,82.26096547,74.0798216,71.67488041,63.30753315,83.44719879,NA,NA
"Yemen, Rep.",YEM,IT.NET.USER.P2,1.247824049,5.01,6.89,9.96,12.35,14.905,17.4465,20,22.55,24.08540947
Zambia,ZMB,EG.USE.COMM.GD.PP.KD,231.9327308,214.1274158,205.5799474,192.8174052,181.0629586,181.1637636,176.7424528,177.6310493,NA,NA
Zambia,ZMB,IT.NET.USER.P2,4.159913394,4.87,5.55,6.31,10,11.5,13.4682,15.4,19,21
Zimbabwe,ZWE,EG.USE.COMM.GD.PP.KD,474.0849422,482.2752306,544.2828577,495.1207866,455.291449,427.4290418,392.6738595,388.4758554,NA,NA
Zimbabwe,ZWE,IT.NET.USER.P2,2.4,3,3.5,4,6.4,8.4,12,15.5,16.36473996,22.7428181
,,,,,,,,,,,,
,,,,,,,,,,,,
,,,,,,,,,,,,
Data from database: Millennium Development Goals,,,,,,,,,,,,
Last Updated: 09/19/2018,,,,,,,,,,,,
